学,369
I,164
物,126
II,87
論,66
化,65
特,64
化学,61
科,60
数,59
演習,58
科学,58
生物,55
特別,52
物理,48
地,47
数学,43
理学,42
地球,41
X,40
解,40
解析,38
物理学,37
実習,35
解析学,34
実験,31
情報,30
惑星,28
III,25
代数学,20
情報科,20
代数,20
情報科学,18
幾何学,18
幾何,18
V,17
a,17
b,17
統計,17
計算,17
講,17
環境,15
人類,15
研究,14
数理,14
講義,13
Ⅱ,13
環境学,12
生物学,12
力学,12
統計学,12
基礎,11
倫理,11
倫,11
生命,10
確率統計,10
研究倫理,10
外,10
確率,10
IV,9
進化,9
植物,9
野外,9
人類学,9
量,9
システム,8
応用,8
A,8
文学,8
有機化学,8
物理化学,8
分子,8
天文学,8
数学I,8
量子,8
構,8
有機,8
B,8
シス,8
語,7
系,7
応用数学,7
惑星物理学,7
XA,7
XB,7
生理,7
法,6
物質,6
理論,6
動物,6
数理科学,6
生体,6
態,6
宇宙,6
複素解析,6
E,6
海洋,6
XE,6
固体,6
発生,6
C,6
分析,5
生命科学,5
Ⅲ,5
Ib,5
Ia,5
細胞,5
理I,5
生態,5
発生学,5
XF,5
XC,5
人体,5
無機,5
天体,5
間,5
体力,5
D,5
専門,4
英語,4
調査,4
生理学,4
分析化学,4
Ⅳ,4
および,4
大気,4
数学II,4
XG,4
XD,4
計算機,4
英,4
機構,4
性,4
遺伝,4
言語,3
VI,3
史,3
現代,3
構造,3
生態学,3
統計力学,3
組織,3
流体力学,3
遺伝学,3
無機化学,3
理II,3
電磁気学,3
アルゴリズム,3
ゲノム,3
固体物理,3
臨海,3
Ⅵ,3
流体,3
光学,3
本郷,3
固体物理学,3
講究,3
現象,3
電磁,3
光,3
磁気,3
観測,3
形,3
地質学,3
Ⅰ,2
国際,2
VII,2
教育,2
教育法,2
プログラミング,2
量子力学,2
空間,2
セミナー,2
物質科学,2
データ,2
博物館,2
生化学,2
分子生物学,2
ソフトウェア,2
解剖学,2
循環,2
量子化学,2
表現,2
弾性,2
反応,2
構成,2
バイオ,2
地球環境,2
機構学,2
コンピュータ,2
ゼミナール,2
研修,2
結晶学,2
計算科学,2
植物生理学,2
人体解剖学,2
配列,2
輻射,2
宇宙空間物理学,2
地球流体力学,2
内部,2
星間,2
課題研究,2
巡検,2
生体物質,2
生物物理化学,2
気候,2
岩石,2
地球化学,2
実験物理学,2
XH,2
論理,2
場の量子論,2
数学III,2
課題,2
知,2
量子論,2
ゼミ,2
解剖,2
館,2
史学,2
系統,2
地形,2
処理,2
離散,2
共通,1
文化,1
社会,1
論文,1
VIII,1
情報学,1
資源,1
比較,1
文化人類学,1
輪講,1
電子,1
機械,1
機能,1
入門,1
及,1
人間,1
資料,1
水圏,1
学習,1
圏,1
ため,1
細胞生物学,1
シミュレーション,1
熱力学,1
生物多様性,1
自然,1
バイオインフォマティクス,1
地球科学,1
知能,1
IS,1
的,1
保険,1
生物統計学,1
水,1
多様性,1
生態系,1
モデル,1
回路,1
電子回路,1
機器,1
各論,1
動物学,1
表現論,1
素粒子物理学,1
一般,1
相対論,1
システム生物学,1
プラズマ,1
知識,1
機械学習,1
数値解析,1
通,1
化学反応,1
リモートセンシング,1
酵素,1
数値,1
放射化学,1
ダイナミクス,1
マイニング,1
先端,1
熱,1
波動,1
ハードウエア,1
統計的,1
オペレーティングシステム,1
地震,1
バイオメトリックス,1
系統分類学,1
Ⅴ,1
天然,1
分子遺伝学,1
化合物,1
進化論,1
一,1
相,1
ネットワーク,1
マテ,1
物理数学,1
クラスター,1
古人類学,1
遺伝子,1
進化発生生物学,1
集団,1
調節,1
先史,1
オーミクス,1
データマイニング,1
理論生物学,1
天体物理学,1
地球電磁気学,1
気象学,1
海洋物理学,1
系外惑星,1
太陽,1
恒星物理学,1
資料保存,1
GIS,1
火山,1
マグマ,1
地球史,1
古生物学,1
宇宙論,1
恒星進化論,1
天体観測,1
位置天文学,1
天体力学,1
銀河天文学,1
惑星地質学,1
合成,1
造岩鉱物,1
構造地質学,1
地質調査,1
海洋学,1
堆積学,1
地形学,1
無機化合物,1
鉱物学,1
錯体化学,1
構造化学,1
形態,1
分子進化,1
人類生物学,1
化学物理学,1
離散数学,1
プロセッサ,1
コンパイラ,1
Vb,1
Va,1
数学史,1
J,1
関数,1
型,1
コンピュータネットワーク,1
グラフィクス,1
リアルタイムシステム,1
連続,1
言語モデル,1
言語処理,1
職業,1
ユーザーインターフェイス,1
情報倫理,1
現代物理学,1
量子光学,1
宇宙物理学,1
プラズマ物理,1
サブ,1
アトミック,1
原子核,1
普遍性,1
理III,1
分類学,1
分類,1
